offeringService,shopCode,address_si,address_gu,address,shopName,latitude,longitude,count_address_gu
,V6Y89,수원시,영통구,경기 수원시 영통구 도청로지하 45 (이의동 177-18),GS25S광교중앙역점,127.0519303,37.28885562,101
"['cafe25', 'drug', 'withdrawal']",V2020,수원시,장안구,경기 수원시 장안구 광교산로140번길3(연무동 6-4),GS25경기대점,127.03049531,37.29994556,74
"['cafe25', 'drug', 'post', 'withdrawal']",VDF75,수원시,영통구,"경기 수원시 영통구 대학1로8, 1층 (이의동 1276-7)",GS25경기대후문점,127.04239399,37.29737522,101
"['cafe25', 'drug', 'post', 'atm', 'withdrawal', 'smart_atm']",V4K69,수원시,영통구,"경기 수원시 영통구 도청로65 (이의동 1344, 자연앤힐스테이트상가1동지하2층117호)",GS25경기도청역점,127.05069329,37.28767429,101
"['cafe25', 'instant', 'drug', 'post', 'atm', 'withdrawal', 'smart_atm']",V5U57,수원시,팔달구,경기 수원시 팔달구 고화로62번길1(고등동 29-16),GS25고등오거리점,127.00639343,37.27488473,77
"['drug', 'post', 'atm', 'withdrawal', 'smart_atm']",V5M62,수원시,팔달구,"경기 수원시 팔달구 고매로1, 102호 (고등동 116-1)",GS25고등중앙점,127.00418208,37.2698471,77
"['cafe25', 'drug', 'post', 'withdrawal']",VEF82,수원시,팔달구,"경기 수원시 팔달구 고등로8, 수원고등C1아파트 상가 102호 (고등동 215-53)",GS25고등타운점,126.9987128,37.27246818,77
"['cafe25', 'post', 'withdrawal']",V6N95,수원시,팔달구,"경기 수원시 팔달구 고등로15, 55호 (고등동 156-117)",GS25고등푸르지오점,126.99857421,37.27697244,77
"['cafe25', 'instant', 'drug', 'post', 'withdrawal']",V8C78,수원시,권선구,"경기 수원시 권선구 고현로5번길25, 상가동 101호 (고색동 306-1, 거산아파트)",GS25고색거산점,126.98609806,37.24789628,100
"['drug', 'post', 'atm', 'withdrawal']",V5Z74,수원시,권선구,경기 수원시 권선구 매송고색로711번길10(고색동 890-130),GS25고색대성점,126.98200967,37.25184402,100
"['cafe25', 'drug', 'post', 'withdrawal']",V6N49,수원시,권선구,"경기 수원시 권선구 오목천로152번길60, 109,110호 (고색동 948)",GS25고색리치아노점,126.97772277,37.24208433,100
"['cafe25', 'instant', 'drug', 'post', 'withdrawal']",VT544,수원시,권선구,"경기 수원시 권선구 산업로156번길142-10, A동 117호 (고색동 1152, 수원벤처밸리2)",GS25고색밸리점,126.98640509,37.23843746,100
"['cafe25', 'drug', 'post', 'withdrawal']",VN307,수원시,권선구,"경기 수원시 권선구 오목천로152번길68,  117호(고색동 950, 골든프라자)",GS25고색산단점,126.97796698,37.24152776,100
"['cafe25', 'drug', 'post']",V6D74,수원시,권선구,경기 수원시 권선구 고색로14번길29 (고색동 397-33),GS25고색타운점,126.97927134,37.24760335,100
"['cafe25', 'instant', 'drug', 'post', 'atm', 'withdrawal', 'smart_atm']",V5F76,수원시,권선구,경기 수원시 권선구 곡선로50번길45-4 (곡반정동 577-1),GS25곡반빌리지점,127.02879295,37.23667512,100
"['cafe25', 'instant', 'drug', 'post', 'withdrawal']",V8C89,수원시,권선구,"경기 수원시 권선구 동수원로146번길281-25, B108호 (곡반정동 548, 권선신일유토빌)",GS25곡반유토빌점,127.0299092,37.24015348,100
"['cafe25', 'instant', 'drug', 'post', 'atm', 'withdrawal', 'smart_atm']",V4X29,수원시,권선구,"경기 수원시 권선구 동수원로146번길308-1, 101호 (곡반정동 534-12)",GS25곡반정원룸점,127.03071406,37.24243083,100
"['cafe25', 'instant', 'drug', 'post']",V2F74,수원시,영통구,"경기 수원시 영통구 광교마을로156 (하동 1001, 광교마을40단지)",GS25광교40단지점,127.0807457,37.29531846,101
"['cafe25', 'instant', 'drug', 'post', 'withdrawal']",V3X55,수원시,영통구,"경기 수원시 영통구 센트럴파크로34, 상가동 103호 (하동 1013, 광교센트럴타운62단지)",GS25광교62단지점,127.06358671,37.28925478,101
"['cafe25', 'drug', 'post']",VI980,수원시,영통구,"경기 수원시 영통구 센트럴타운로76, 2동 103호 (이의동 1326, 이편한세상광교)",GS25광교대림점,127.05465658,37.29179695,101
"['drug', 'post', 'withdrawal', 'delivery_service']",VS403,수원시,영통구,"경기 수원시 영통구 대학3로4번길15, 제지 1층 112호 (이의동 1256-1)",GS25광교대학로점,127.04324649,37.30041878,101
"['cafe25', 'drug', 'post', 'atm', 'withdrawal', 'smart_atm']",V2Z39,수원시,영통구,"경기 수원시 영통구 광교로114 (이의동 1351-1, 광교데시앙루브)",GS25광교데시앙점,127.04579542,37.29061751,101
"['cafe25', 'instant', 'drug', 'post', 'atm', 'withdrawal', 'smart_atm', 'self_cook']",VS740,수원시,영통구,"경기 수원시 영통구 대학로34, 111호 (이의동 1258-4, 동진캠퍼스프라자)",GS25광교동진점,127.04366712,37.29926879,101
"['drug', 'post']",V8R25,수원시,영통구,"경기 수원시 영통구 센트럴파크로60, 상가동 107, 108호 (이의동 1304, 래미안광교)",GS25광교래미안점,127.06131777,37.29123723,101
"['cafe25', 'drug', 'post']",V8V46,수원시,영통구,"경기 수원시 영통구 광교호수공원로20, 1층 114호 (원천동 605, 더샵광교레이크시티)",GS25광교레이크점,127.06040767,37.27191064,101
"['cafe25', 'drug', 'post', 'withdrawal']",VU920,수원시,영통구,"경기 수원시 영통구 센트럴타운로114, 광교메디톡스 연구소 1층 (이의동 1322-8)",GS25광교메디톡스점,127.04953248,37.2929904,101
"['cafe25', 'drug', 'post', 'withdrawal', 'self_cook', 'delivery_service']",V6G48,수원시,영통구,"경기 수원시 영통구 법조로149번길127, 102호 GS25광교센타점 (하동)",GS25광교센타점,127.0694753,37.29279745,101
"['cafe25', 'instant', 'drug', 'post', 'withdrawal', 'delivery_service']",V3F44,수원시,영통구,"경기 수원시 영통구 도청로10, 1층 (이의동 1338)",GS25광교센트럴점,127.05571181,37.2867773,101
"['cafe25', 'post', 'withdrawal']",VEV34,수원시,영통구,"경기 수원시 영통구 광교호수로152번길23, 101호 (하동 1027, 광교LAKEPARK한양수자인)",GS25광교수자인점,127.07133896,37.28064737,101
"['cafe25', 'instant', 'drug', 'post', 'withdrawal']",V3F45,수원시,영통구,"경기 수원시 영통구 도청로10, 지하1층 갤러리아 방면 (이의동 1338)",GS25광교아울렛점,127.05591027,37.28623823,101
"['cafe25', 'instant', 'post', 'withdrawal']",V7R25,수원시,영통구,"경기 수원시 영통구 광교중앙로49번길40, 상가 3호, 4호 (원천동 559, 광교원천경기행복주택)",GS25광교원천점,127.0499278,37.28038735,101
"['cafe25', 'post', 'withdrawal']",VEN65,수원시,영통구,"경기 수원시 영통구 대학1로58번길7, 1층 (이의동 1263-12)",GS25광교제일점,127.04589236,37.29901642,101
"['cafe25', 'drug', 'post']",V7G73,수원시,영통구,"경기 수원시 영통구 광교호수공원로277, 근생상가 15호 23호 (원천동 589, 광교중흥에스클래스)",GS25광교중앙로점,127.05540877,37.28395448,101
"['cafe25', 'post']",V8K69,수원시,영통구,"경기 수원시 영통구 도청로65, 힐스테이트2상가 104호 (이의동 1344)",GS25광교중앙점,127.05069329,37.28767429,101
"['drug', 'post', 'withdrawal']",V3P47,수원시,영통구,"경기 수원시 영통구 광교호수공원로277, 광교중흥 에스클래스 상가동 214호,215호 (원천동 589)",GS25광교중흥점,127.05837612,37.28293286,101
"['drug', 'post']",V7J75,수원시,영통구,"경기 수원시 영통구 법조로134, 1층 108호 (하동 994, 광교호수마을참누리레이크)",GS25광교참누리점,127.07370102,37.29310092,101
"['cafe25', 'drug', 'post']",V6A26,수원시,영통구,"경기 수원시 영통구 광교호수공원로300, 149호 (하동 868, 포레나광교로피스텔)",GS25광교포레나점,127.05836528,37.28470792,101
"['drug', 'post']",V7A73,수원시,영통구,"경기 수원시 영통구 센트럴타운로15, 124호 (이의동 1335, 아이플렉스)",GS25광교플렉스점,127.05740932,37.28811543,101
"['cafe25', 'instant', 'post']",V7Z72,수원시,영통구,"경기 수원시 영통구 에듀타운로102, 상가 1층 137호 (이의동 1348, 광교중앙역SKVIEW)",GS25광교하나점,127.04605387,37.2897996,101
"['cafe25', 'drug', 'post']",VEB76,수원시,영통구,"경기 수원시 영통구 도청로18번길26, 136호 (이의동 1336)",GS25광교현대점,127.05681356,37.2879575,101
"['cafe25', 'drug', 'post', 'withdrawal', 'self_cook']",VDY66,수원시,영통구,경기 수원시 영통구 센트럴파크로127번길83 (이의동 1308-4),GS25광교혜령,127.05225977,37.29405754,101
"['cafe25', 'drug', 'post']",VR288,수원시,영통구,"경기 수원시 영통구 웰빙타운로70, 제근린생활시설동B101호  (이의동 1184, 광교호반베르디움)",GS25광교호반점,127.04372622,37.30707266,101
"['cafe25', 'instant', 'drug', 'post', 'atm', 'withdrawal']",VX781,수원시,영통구,"경기 수원시 영통구 센트럴파크로6, 301동 127호 (하동 1021, 힐스테이트광교상가)",GS25광교힐스점,127.06455067,37.28518047,101
"['post', 'withdrawal']",V4V28,수원시,권선구,경기 수원시 권선구 구운로45번길81 (구운동 537-6),GS25구운빌리지점,126.97043146,37.2759741,100
"['cafe25', 'instant', 'drug', 'post', 'withdrawal']",V7G96,수원시,권선구,"경기 수원시 권선구 일월천로4번길54, 102호 (구운동 918-10, 명수빌딩)",GS25구운성원점,126.97519231,37.28244916,100
"['cafe25', 'instant', 'drug', 'post', 'atm', 'withdrawal', 'smart_atm']",V5H57,수원시,권선구,"경기 수원시 권선구 구운로47번길6, 1층 (구운동 947-8, 일월프라자)",GS25구운중앙점,126.97311116,37.2779257,100
"['cafe25', 'drug', 'post', 'atm', 'withdrawal', 'smart_atm']",V4V55,수원시,권선구,"경기 수원시 권선구 권선로694번길26,  110동 104호(권선동 1035, 권선SK뷰)",GS25권선SK점,127.02601738,37.25793613,100
"['cafe25', 'instant', 'drug', 'post', 'atm', 'withdrawal', 'smart_atm']",V4D88,수원시,권선구,경기 수원시 권선구 고산로27번길15 (고색동 73-6),GS25권선고산로점,126.98090226,37.2486987,100
"['cafe25', 'instant', 'drug', 'post', 'atm', 'withdrawal', 'smart_atm']",VW282,수원시,권선구,"경기 수원시 권선구 동수원로146번길144-2, 1층 (곡반정동 512-6)",GS25권선곡선점,127.03406866,37.24452174,100
"['cafe25', 'drug', 'post', 'atm', 'withdrawal', 'smart_atm']",V5Y29,수원시,권선구,경기 수원시 권선구 세지로140번길2 (권선동 950),GS25권선골드점,127.02056279,37.2639014,100
"['cafe25', 'drug', 'post', 'withdrawal']",VDX49,수원시,권선구,경기 수원시 권선구 구운로26 (구운동 497-13),GS25권선구운로점,126.97541425,37.27689139,100
"['cafe25', 'post', 'withdrawal']",V7Z62,수원시,권선구,경기 수원시 권선구 호매실로21-51 (고색동 1176-1),GS25권선구청점,126.97207347,37.25555175,100
"['cafe25', 'instant', 'drug', 'post']",V8F89,수원시,권선구,"경기 수원시 권선구 권중로136 (권선동 1274, 신동아아파트)",GS25권선대신점,127.03204442,37.24856914,100
"['cafe25', 'drug', 'post', 'atm', 'withdrawal', 'smart_atm', 'self_cook']",VP225,수원시,권선구,"경기 수원시 권선구 세권로315번길33-4, 1층 (권선동 1283-2, 도원주택)",GS25권선명당점,127.03824562,37.25287283,100
"['cafe25', 'drug', 'withdrawal']",V5635,수원시,권선구,"경기 수원시 권선구 효원로230번길38(권선동 1011-14, 미래사랑오피스텔)",GS25권선미래점,127.02588671,37.26107986,100
,V5H56,수원시,권선구,경기 수원시 권선구 권광로123번길12 (권선동 1015-4),GS25권선브라운도트점,127.03001442,37.25920344,100
"['cafe25', 'post', 'withdrawal']",V8N66,수원시,권선구,"경기 수원시 권선구 평동로79번길45, 154호 (평동 4-11)",GS25권선브이원점,126.99299113,37.25929982,100
"['cafe25', 'instant', 'drug', 'post', 'withdrawal']",VDK77,수원시,권선구,"경기 수원시 권선구 서수원로577번길341, 제상가동 제비 102호,103호 (금곡동 1078, 수원모아미래도센트럴타운1단지)",GS25권선빌리지점,126.93814244,37.27560777,100
"['cafe25', 'drug', 'post', 'atm', 'withdrawal', 'smart_atm']",V3F43,수원시,권선구,경기 수원시 권선구 당수로203 (당수동 216),GS25권선삼정점,126.944246,37.28989945,100
"['instant', 'drug', 'post', 'withdrawal']",V4H42,수원시,권선구,"경기 수원시 권선구 권광로27번길62, 상가동 106호 ,108호 (권선동 1186, 권선삼천리아파트)",GS25권선삼천리점,127.02441557,37.25189464,100
"['cafe25', 'instant', 'drug', 'atm', 'withdrawal', 'smart_atm']",V4K83,수원시,권선구,경기 수원시 권선구 권광로91(권선동 1042-15),GS25권선세곡점,127.02936739,37.2560353,100
"['cafe25', 'instant', 'drug', 'post', 'withdrawal']",VN499,수원시,권선구,"경기 수원시 권선구 세권로42, 1층 (세류2동 443-1)",GS25권선세권로점,127.00896633,37.25924539,100
"['cafe25', 'drug', 'post', 'withdrawal']",VDV92,수원시,권선구,"경기 수원시 권선구 세류로39 (세류동 1270, LH수원센트럴타운2단지)",GS25권선세류로점,127.00664189,37.26283927,100
"['cafe25', 'post']",V3Q96,수원시,권선구,경기 수원시 권선구 세지로126번길44 (권선동 956-17),GS25권선세지로점,127.0222546,37.2621042,100
"['cafe25', 'drug', 'post', 'withdrawal']",VEB33,수원시,권선구,"경기 수원시 권선구 경수대로347번길14-19, 1층 (권선동 987-9)",GS25권선센트럴점,127.02194767,37.25881268,100
"['cafe25', 'instant', 'drug', 'post', 'withdrawal']",V7F24,수원시,권선구,경기 수원시 권선구 금호로15번길6 (금곡동 245-66),GS25권선신미주점,126.9536371,37.2689696,100
"['cafe25', 'drug', 'post', 'withdrawal']",V5Y56,수원시,권선구,"경기 수원시 권선구 덕영대로1190번길100, 707동 상가동 109호 110호 (권선동)",GS25권선아이파크점,127.02030959,37.24776077,100
"['cafe25', 'drug', 'post', 'atm', 'withdrawal', 'smart_atm']",VEH52,수원시,권선구,"경기 수원시 권선구 권선로682번길38, 1층 (권선동 1034-7)",GS25권선오길점,127.02490458,37.25768367,100
"['cafe25', 'drug', 'post', 'atm', 'withdrawal', 'smart_atm']",VDU57,수원시,권선구,경기 수원시 권선구 삼천병마로1592-3(오목천동 498-5),GS25권선오목천점,126.96384878,37.24452284,100
"['drug', 'post', 'withdrawal']",V7G94,수원시,권선구,"경기 수원시 권선구 장다리로1, 101호 (세류동 1124-3)",GS25권선장다리점,127.01713414,37.2509874,100
"['cafe25', 'drug', 'post', 'withdrawal']",VO333,수원시,권선구,"경기 수원시 권선구 덕영대로1323번길25-33, 상가동 101호 (권선동 1315, 우남아파트)",GS25권선최강점,127.03360439,37.24733838,100
"['cafe25', 'drug', 'post', 'atm', 'withdrawal', 'smart_atm']",V5T96,수원시,권선구,"경기 수원시 권선구 금곡로196번길68, 104호 (금곡동 1124-2)",GS25금곡CM점,126.95504214,37.27336128,100
"['cafe25', 'drug', 'withdrawal']",VE911,수원시,권선구,"경기 수원시 권선구 금호로45, 상가동 103,104호 (금곡동 241, 삼익아파트)",GS25금곡삼익점,126.95668189,37.26974437,100
"['cafe25', 'instant', 'drug', 'post', 'withdrawal']",V7X89,수원시,권선구,"경기 수원시 권선구 금곡로137 (금곡동 1072, 수원호매실휴먼시아4단지아파트)",GS25금곡센트럴점,126.94714284,37.2746339,100
"['cafe25', 'instant', 'drug', 'post', 'atm', 'withdrawal', 'smart_atm']",VDP42,수원시,권선구,"경기 수원시 권선구 금곡로106, 112호 (금곡동 1085-2, 우성메디피아)",GS25금곡우성점,126.94198792,37.27396619,100
"['cafe25', 'drug', 'post']",VDS66,수원시,권선구,"경기 수원시 권선구 금곡로31번길7, 상가 1층 (금곡동 648)",GS25금곡자이점,126.93722641,37.26938209,100
"['cafe25', 'instant', 'drug', 'post', 'atm', 'withdrawal', 'smart_atm']",V4P63,수원시,권선구,"경기 수원시 권선구 금호로83-8, 111호 (금곡동 1141)",GS25금곡파크점,126.95919835,37.27204627,100
"['cafe25', 'post']",VEQ77,수원시,장안구,경기 수원시 장안구 덕영대로639번길63 (정자동 881-4),GS25꽃뫼노을점,126.98912527,37.29127343,74
"['cafe25', 'drug', 'post', 'withdrawal']",VE555,수원시,팔달구,경기 수원시 팔달구 인계동762-81번지,GS25남문아울렛점,127.02028784,37.2738111,77
"['cafe25', 'post', 'withdrawal']",V6H96,수원시,권선구,"경기 수원시 권선구 권중로158 (권선동 1270, 벽산아파트)",GS25남수원점,127.03303196,37.25067676,100
"['cafe25', 'instant', 'drug', 'post', 'withdrawal']",VDR88,수원시,팔달구,"경기 수원시 팔달구 경수대로480번길11-27, 1층 (인계동 950)",GS25뉴인계경수점,127.02861329,37.26998701,77
"['cafe25', 'drug', 'post', 'atm', 'withdrawal', 'smart_atm']",V7H48,수원시,팔달구,"경기 수원시 팔달구 장다리로283번길9, 1층 (인계동 956, 다온 NOBLE)",GS25뉴인계원룸점,127.02812234,37.27484886,77
"['cafe25', 'instant', 'drug', 'post', 'withdrawal']",VDD62,수원시,장안구,"경기 수원시 장안구 송정로190, 2동 2호 (조원동 431-2)",GS25더샵광교점,127.01777309,37.29899364,74
"['cafe25', 'drug', 'post', 'withdrawal']",V7Q64,수원시,장안구,경기 수원시 장안구 만석로177 (송죽동 272-37),GS25만석공원점,126.99893226,37.30271944,74
"['cafe25', 'instant', 'drug', 'post', 'withdrawal']",V8D75,수원시,영통구,"경기 수원시 영통구 영통로90번길24, 1층 102호 (망포동 485-4)",GS25망포늘푸른점,127.0596311,37.23823962,101
"['cafe25', 'instant', 'drug', 'post', 'withdrawal', 'delivery_service']",VE543,수원시,영통구,경기 수원시 영통구 덕영대로1483번길16-4 (망포동 32-7),GS25망포원룸점,127.05276594,37.24646596,101
"['cafe25', 'drug', 'post', 'withdrawal']",VDN22,수원시,팔달구,"경기 수원시 팔달구 인계로20, 매교SK뷰푸르지오 상가1동 B101호,  (매교동 209-14)",GS25매교SK뷰점,127.01662955,37.26639185,77
"['cafe25', 'instant', 'drug', 'post', 'atm', 'withdrawal', 'smart_atm']",V8C26,수원시,팔달구,"경기 수원시 팔달구 정조로623번길23, 1층 전체 (매교동 269-5)",GS25매교유천점,127.01384329,37.26477374,77
"['cafe25', 'drug', 'post']",VDM35,수원시,팔달구,"경기 수원시 팔달구 인계로20, 상가3동 102호,103호 (아파트 122동 뒷편) (매교동 209-14)",GS25매교푸르지오점,127.01839468,37.26938009,77
"['drug', 'post', 'atm', 'withdrawal', 'smart_atm']",VJ288,수원시,팔달구,경기 수원시 팔달구 고화로13번길2(고등동 74-33),GS25매산로2가점,127.00754147,37.27074936,77
"['cafe25', 'instant', 'drug', 'post', 'withdrawal']",VDQ98,수원시,팔달구,경기 수원시 팔달구 효원로23-5 (매산로3가 20-16),GS25매산로3가점,127.00943696,37.27151314,77
"['cafe25', 'instant', 'drug', 'post', 'atm', 'withdrawal', 'smart_atm', 'delivery_service']",VE165,수원시,팔달구,경기 수원시 팔달구 효원로60번길30(매산로3가 94-1),GS25매산중앙점,127.00762629,37.26772242,77
"['cafe25', 'drug', 'post', 'withdrawal']",V4K22,수원시,팔달구,"경기 수원시 팔달구 갓매산로71번길21-6, 101호 (매산로2가 27-6)",GS25매산팰리스점,127.00314775,37.2687661,77
"['cafe25', 'instant', 'drug', 'post', 'atm', 'withdrawal', 'smart_atm']",VN134,수원시,영통구,경기 수원시 영통구 신원로198번길72(매탄3동 514-13),GS25매탄공단점,127.06212069,37.25561445,101
"['cafe25', 'drug', 'post']",V8U54,수원시,영통구,"경기 수원시 영통구 매탄로180, 1층 (매탄동 208-18)",GS25매탄공원점,127.04605726,37.26629922,101
"['cafe25', 'instant', 'drug', 'post', 'withdrawal', 'delivery_service']",V3890,수원시,영통구,경기 수원시 영통구 인계로270번길2(매탄3동 872-1),GS25매탄드림점,127.04675612,37.26362861,101
"['cafe25', 'instant', 'drug', 'post', 'atm', 'withdrawal', 'smart_atm', 'self_cook', 'delivery_service']",VP910,수원시,영통구,경기 수원시 영통구 동수원로286번길13-2 (매탄동 1178-7),GS25매탄삼천리점,127.03711419,37.25497219,101
"['cafe25', 'drug', 'post', 'atm', 'withdrawal']",VQ255,수원시,영통구,"경기 수원시 영통구 인계로292, 26  (매탄동 867-1)",GS25매탄원룸점,127.04918797,37.26299938,101
"['cafe25', 'drug', 'post']",VDV24,수원시,영통구,"경기 수원시 영통구 효원로363 (매탄동 1352, 매탄위브하늘채)",GS25매탄위브점,127.04124084,37.26202519,101
"['cafe25', 'drug', 'post', 'atm', 'withdrawal', 'smart_atm']",VO005,수원시,영통구,경기 수원시 영통구 중부대로256번길35 (매탄동 141-11),GS25매탄중부로점,127.04319884,37.2730073,101
"['cafe25', 'instant', 'drug', 'post', 'atm', 'withdrawal']",VX363,수원시,영통구,경기 수원시 영통구 권광로260번길36 (매탄동 176),GS25매탄힐스점,127.0399992,37.27102603,101
"['cafe25', 'instant', 'drug', 'post', 'atm', 'withdrawal', 'smart_atm']",V4K68,수원시,권선구,"경기 수원시 권선구 호매실로218번길22, 1상가 101호102호 (호매실동 1380, 호매실마을14단지벨섬시티)",GS25벨섬시티점,126.96045432,37.26270405,100
"['cafe25', 'post', 'withdrawal']",V6Z29,수원시,장안구,경기 수원시 장안구 천천로100 (천천동 516),GS25북수원시네마점,126.98405949,37.30063736,74
"['cafe25', 'drug', 'post', 'withdrawal']",VI396,수원시,영통구,경기 수원시 영통구 삼성로168번길15 (매탄3동 436-47),GS25삼성SDS점,127.05750206,37.25806479,101
"['cafe25', 'instant', 'drug', 'post']",VH780,수원시,영통구,경기 수원시 영통구 신원로173-1(신동 384-33),GS25삼성애니콜점,127.05877606,37.25171321,101
"['cafe25', 'instant', 'drug', 'post', 'withdrawal']",VT688,수원시,영통구,"경기 수원시 영통구 삼성로245, 1층 101호 (매탄동 361-8)",GS25삼성티아라점,127.06107675,37.26433777,101
"['cafe25', 'instant', 'drug', 'post', 'withdrawal']",V6Y29,수원시,권선구,경기 수원시 권선구 세화로141번길31-1 (서둔동 33-4),GS25서둔세화로점,126.99250901,37.26417961,100
"['cafe25', 'instant', 'post', 'withdrawal']",V7B73,수원시,권선구,"경기 수원시 권선구 권선로381번길13, 106호,107호  (서둔동 17-745, JS타워)",GS25서둔센트럴점,126.99270463,37.26218987,100
"['cafe25', 'instant', 'drug', 'post']",VDM96,수원시,권선구,"경기 수원시 권선구 서호서로33번길6-14, 1층 (서둔동 118-1)",GS25서둔아크빌점,126.98465244,37.26910451,100
"['cafe25', 'instant', 'drug', 'post', 'withdrawal']",V6A32,수원시,권선구,경기 수원시 권선구 세화로190번길13 (서둔동 17-160),GS25서둔햇살점,126.99455368,37.26896375,100
"['cafe25', 'instant', 'drug', 'post', 'self_cook']",V5F33,수원시,권선구,"경기 수원시 권선구 입북로50,  301동 101호 (입북동 810, 서수원자이아파트)",GS25서수원자이점,126.9593881,37.2967556,100
['post'],VEP33,수원시,권선구,"경기 수원시 권선구 수인로161번길24, 1층 (서둔동 238-6)",GS25서수원참누리점,126.98019942,37.27491428,100
['self_cook'],V3A39,수원시,장안구,"경기 수원시 장안구 서부로2066, 기숙사신관 (천천동 300)",GS25성대기숙사신점,126.97565626,37.29397802,74
"['drug', 'post', 'withdrawal']",V3A42,수원시,장안구,경기 수원시 장안구 서부로2066 (천천동 300),GS25성대기숙사의점,126.97565626,37.29397802,74
['post'],V3A43,수원시,장안구,"경기 수원시 장안구 서부로2066, 기숙사지관 (천천동 300)",GS25성대기숙사지점,126.97565626,37.29397802,74
"['cafe25', 'instant', 'post']",V3A38,수원시,장안구,"경기 수원시 장안구 서부로2066 (천천동 300, 복지회관)",GS25성대복지회관점,126.97565626,37.29397802,74
"['cafe25', 'instant', 'drug', 'post', 'atm', 'withdrawal', 'smart_atm']",V8C39,수원시,장안구,경기 수원시 장안구 서부로2126번길33 (율전동 290-19),GS25성대학사점,126.9734933,37.29794206,74
"['cafe25', 'drug', 'post', 'atm', 'withdrawal']",VL173,수원시,권선구,경기 수원시 권선구 정조로578(세류3동 162-14),GS25세류3동점,127.01331363,37.26043509,100
"['cafe25', 'drug', 'post', 'withdrawal']",V3T66,수원시,권선구,"경기 수원시 권선구 세권로1, 상가동 101호 (세류동 1280, LH수원센트럴타운3단지)",GS25세류덕영점,127.00656765,37.26076615,100
"['cafe25', 'drug', 'post', 'withdrawal']",V6A33,수원시,권선구,경기 수원시 권선구 정조로526번길19 (세류동 535-9),GS25세류빌리지점,127.01250188,37.25612111,100
"['drug', 'post', 'atm', 'withdrawal']",V6Q95,수원시,권선구,"경기 수원시 권선구 경수대로277번길14-1, 1층(세류2동 1103-29)",GS25세류센타점,127.01854931,37.25225165,100
"['cafe25', 'instant', 'drug', 'post', 'atm', 'withdrawal', 'smart_atm']",VY079,수원시,권선구,"경기 수원시 권선구 장다리로64, 1층 (세류동 1081, 청솔오피스텔)",GS25세류시티점,127.02029348,37.25596958,100
"['cafe25', 'instant', 'drug', 'post', 'atm', 'withdrawal', 'smart_atm', 'self_cook']",VT384,수원시,권선구,경기 수원시 권선구 정조로565번길3 (세류동 476-9),GS25세류유천점,127.01231147,37.25948059,100
"['cafe25', 'drug', 'post', 'atm', 'withdrawal', 'smart_atm']",VG766,수원시,권선구,경기 수원시 권선구 정조로384번길23(세류2동 1159-7),GS25세류파크점,127.01584755,37.24417347,100
"['drug', 'post', 'atm', 'withdrawal']",V5B97,수원시,권선구,경기 수원시 권선구 경수대로225번길16 (세류동 1149-6),GS25세류하이퍼점,127.01652656,37.24743205,100
"['cafe25', 'instant', 'drug', 'post', 'withdrawal']",V3U26,수원시,권선구,"경기 수원시 권선구 세류로28, LH할인마트 (세류동 1277)",GS25센트럴타운점,127.00676704,37.26189418,100
"['drug', 'post']",V8A62,수원시,장안구,경기 수원시 장안구 정조로1088번길18-25 (송죽동 459-32),GS25송죽골든점,127.00474767,37.30224586,74
"['cafe25', 'drug', 'post', 'withdrawal']",VEB62,수원시,장안구,경기 수원시 장안구 정조로1102번길24 (송죽동 454),GS25송죽만석점,127.00285436,37.30382484,74
"['cafe25', 'instant', 'drug', 'post', 'atm', 'withdrawal', 'smart_atm', 'delivery_service']",V5C78,수원시,장안구,경기 수원시 장안구 정조로1039 (송죽동 379-1),GS25송죽중앙점,127.00629479,37.29868156,74
"['cafe25', 'instant', 'drug', 'post', 'withdrawal']",V8D48,수원시,장안구,"경기 수원시 장안구 이목로24, 602동 107호, 108호  (정자동)",GS25수원SK뷰점,126.98502131,37.30712438,74
"['cafe25', 'drug', 'post', 'atm', 'withdrawal', 'smart_atm']",VJ663,수원시,장안구,"경기 수원시 장안구 경수대로776번길28, 1층(영화동 43-1)",GS25수원감천점,127.0206023,37.29305191,74
"['cafe25', 'instant', 'drug', 'post', 'atm', 'withdrawal']",V2B73,수원시,장안구,"경기 수원시 장안구 경수대로853번길4, 1층 102호 (조원동 779-1, 유래빌딩)",GS25수원경수로점,127.01398648,37.29701581,74
"['toto', 'cafe25', 'drug', 'post', 'withdrawal']",VL578,수원시,권선구,경기 수원시 권선구 경수대로54번길58(곡반정동 604-1),GS25수원곡반정점,127.0244077,37.23414304,100
"['cafe25', 'post', 'withdrawal']",V7H57,수원시,장안구,경기 수원시 장안구 경수대로940 (조원동 894),GS25수원골든타워점,127.0080749,37.30312983,74
"['cafe25', 'instant', 'post']",V7Q72,수원시,권선구,경기 수원시 권선구 세류동1039번지,GS25수원공군점,127.004121,37.24879714,100
"['cafe25', 'drug', 'post', 'atm', 'withdrawal', 'smart_atm']",VK796,수원시,팔달구,"경기 수원시 팔달구 행궁로94-4, 1층(교동 3-9)",GS25수원교동점,127.01547884,37.27423977,77
"['cafe25', 'instant', 'drug', 'post', 'atm', 'withdrawal', 'smart_atm', 'delivery_service']",VK634,수원시,권선구,경기 수원시 권선구 권중로76번길4(권선동 1258-11),GS25수원권선점,127.02991083,37.25233627,100
"['cafe25', 'instant', 'drug', 'post', 'atm', 'withdrawal', 'smart_atm']",VI556,수원시,권선구,경기 수원시 권선구 세지로28번길13 (세류3동 1091-10),GS25수원그랜드점,127.01643427,37.25453188,100
['drug'],VH145,수원시,권선구,"경기 수원시 권선구 세권로304번길29-1, 1층(권선동 1292-10)",GS25수원나루점,127.03647688,37.25102022,100
"['cafe25', 'drug', 'post', 'withdrawal']",V2531,수원시,영통구,"경기 수원시 영통구 매탄로108번길24,  103호(매탄3동 1264-1, 삼성프라자)",GS25수원뉴타운점,127.04461616,37.25988985,101
"['cafe25', 'drug', 'post', 'atm', 'withdrawal', 'smart_atm']",V3079,수원시,팔달구,"경기 수원시 팔달구 효원로219번길36,  101호(인계동 1026-9)",GS25수원다모아점,127.02672843,37.26488037,77
"['cafe25', 'instant', 'drug', 'post', 'atm', 'withdrawal']",VDT92,수원시,권선구,"경기 수원시 권선구 당진로17, 104,105호 (당수동 232-6)",GS25수원당수점,126.94018533,37.29074621,100
"['cafe25', 'drug', 'post', 'atm', 'withdrawal', 'smart_atm']",VP843,수원시,팔달구,경기 수원시 팔달구 매산로116번길70 (매교동 122-9),GS25수원대양점,127.01496969,37.26831539,77
"['cafe25', 'post', 'withdrawal']",V8B72,수원시,장안구,경기 수원시 장안구 수성로245번길64 (정자동 43-15),GS25수원두견점,126.99766519,37.29194979,74
"['cafe25', 'drug', 'post', 'withdrawal']",V8T44,수원시,장안구,"경기 수원시 장안구 장안로211, 상가동 (정자동 313-1, 동신아파트)",GS25수원망고점,126.9933106,37.30050015,74
"['cafe25', 'instant', 'drug', 'post', 'withdrawal']",V7K96,수원시,영통구,"경기 수원시 영통구 영통로173번길23-28, 1층 (망포동 291-18)",GS25수원망포마을점,127.05291101,37.24207879,101
"['toto', 'cafe25', 'drug', 'post', 'atm', 'withdrawal']",VE930,수원시,팔달구,"경기 수원시 팔달구 갓매산로30, 1층 (매산로2가 63-12)",GS25수원매산로점,127.00596161,37.2674201,77
"['cafe25', 'drug', 'withdrawal']",V2656,수원시,영통구,"경기 수원시 영통구 인계로239,  117호(매탄4동 810-4, 성일프라자)",GS25수원매탄점,127.04405117,37.2653459,101
"['cafe25', 'instant', 'drug', 'post', 'withdrawal']",VY520,수원시,권선구,"경기 수원시 권선구 경수대로295, 1층 (세류3동 1100-4)",GS25수원문화점,127.01996652,37.25336272,100
"['cafe25', 'drug', 'post', 'withdrawal']",VN574,수원시,장안구,"경기 수원시 장안구 정조로946번길8, 1층 (영화동 297-1, 명민빌딩)",GS25수원방글점,127.01250666,37.29201147,74
"['toto', 'drug', 'post', 'atm', 'withdrawal', 'smart_atm']",VE563,수원시,팔달구,경기 수원시 팔달구 경수대로466번길9 (인계동 1019-11),GS25수원백성점,127.0278425,37.26767389,77
['drug'],VEQ46,수원시,장안구,"경기 수원시 장안구 덕영대로535번길34, 106,107호(천천동 524-2)",GS25수원베스트점,126.98217643,37.29724212,74
"['cafe25', 'instant', 'drug', 'post', 'withdrawal', 'self_cook']",VJ343,수원시,팔달구,경기 수원시 팔달구 고화로108번길1(고등동 3-19),GS25수원병무청점,127.00682485,37.27895225,77
"['cafe25', 'drug', 'post', 'atm', 'withdrawal', 'smart_atm']",VI016,수원시,팔달구,"경기 수원시 팔달구 중부대로143번길11, 103호 (우만1동 561-13)",GS25수원본점,127.03197167,37.27891727,77
"['cafe25', 'instant', 'drug', 'post', 'atm', 'withdrawal']",VEA23,수원시,장안구,경기 수원시 장안구 정조로921번길27 (영화동 331-2),GS25수원북문점,127.01186668,37.28920375,74
"['cafe25', 'drug', 'post', 'atm', 'withdrawal', 'smart_atm']",V2R33,수원시,영통구,경기 수원시 영통구 신원로66(신동 498-6),GS25수원삼성로점,127.04865359,37.24811804,101
"['post', 'withdrawal']",V8S45,수원시,영통구,"경기 수원시 영통구 효원로397, 104호 (매탄3동 1267-7, 중앙프라자)",GS25수원삼성점,127.04513423,37.25903799,101
"['drug', 'post', 'atm', 'withdrawal', 'smart_atm']",VG182,수원시,권선구,경기 수원시 권선구 세지로94(권선동 978-8),GS25수원삼익점,127.01862738,37.26013684,100
"['cafe25', 'instant', 'drug', 'post', 'atm', 'withdrawal']",V4U32,수원시,권선구,경기 수원시 권선구 여기산로16 (서둔동 260-29),GS25수원서둔점,126.97870407,37.27876704,100
"['cafe25', 'drug', 'post', 'withdrawal']",VE556,수원시,권선구,경기 수원시 권선구 구운로63번길51 (구운동 952-1),GS25수원서부점,126.96982524,37.27908658,100
"['toto', 'cafe25', 'instant', 'drug', 'post', 'withdrawal', 'delivery_service']",V3R85,수원시,권선구,"경기 수원시 권선구 효원로266번길14,  101호(권선동 1013-21)",GS25수원선일점,127.03022584,37.26117856,100
"['instant', 'drug', 'post', 'atm', 'withdrawal', 'smart_atm', 'self_cook']",V8C37,수원시,장안구,"경기 수원시 장안구 서부로2126번길9, 101,102(율전동 288-4, 성대프라자)",GS25수원성대점,126.9721592,37.29817377,74
"['cafe25', 'instant', 'drug', 'post', 'atm', 'withdrawal', 'delivery_service']",VW260,수원시,팔달구,경기 수원시 팔달구 세지로234번길4(인계동 820-6),GS25수원세지로점,127.02414638,37.27188761,77
"['cafe25', 'drug', 'post', 'withdrawal']",VN430,수원시,장안구,"경기 수원시 장안구 송원로86번길1 (조원1동 750-32, 참치일번가)",GS25수원송원로점,127.01024024,37.30230094,74
"['cafe25', 'instant', 'drug', 'post']",V5N82,수원시,장안구,경기 수원시 장안구 장안로116번길42 (정자동 39-1),GS25수원송정로점,127.00224285,37.29546665,74
"['toto', 'drug', 'post', 'atm', 'withdrawal', 'smart_atm']",V7P32,수원시,권선구,경기 수원시 권선구 수인로275(구운동 921-4),GS25수원수인점,126.97230172,37.28189246,100
"['instant', 'drug', 'post', 'atm', 'withdrawal', 'smart_atm']",V8C57,수원시,팔달구,"경기 수원시 팔달구 중부대로194 (인계동 164, 승원빌딩)",GS25수원스타점,127.03718915,37.2765359,77
"['toto', 'cafe25', 'drug', 'post', 'atm', 'withdrawal', 'tax', 'smart_atm']",V2419,수원시,팔달구,"경기 수원시 팔달구 경수대로446번길42,  101호(인계동 1031)",GS25수원시티점,127.02871903,37.26526617,77
"['drug', 'post', 'withdrawal']",V7G57,수원시,권선구,경기 수원시 권선구 세권로94번길1 (세류동 508-44),GS25수원신곡점,127.0146319,37.25789599,100
"['cafe25', 'drug', 'post', 'atm', 'withdrawal', 'smart_atm', 'delivery_service']",V5988,수원시,영통구,"경기 수원시 영통구 영통로241번길12-6, 339-15 101(신동 340-13)",GS25수원신동점,127.05719503,37.24923163,101
"['cafe25', 'instant', 'drug', 'post']",VDY54,수원시,장안구,"경기 수원시 장안구 정자로41번길12, 상가동 101호 102호 (천천동 482, 신명아파트)",GS25수원신명점,126.98162723,37.30200412,74
"['cafe25', 'instant', 'drug', 'post', 'atm', 'withdrawal', 'smart_atm']",V5M48,수원시,권선구,경기 수원시 권선구 덕영대로1126번길49 (세류동 1139-21),GS25수원신흥점,127.01330424,37.24991929,100
"['cafe25', 'drug', 'post', 'atm', 'withdrawal', 'smart_atm']",VEN53,수원시,영통구,경기 수원시 영통구 동수원로537번길35-2(원천동 71-12),GS25수원아주점,127.04704722,37.27452514,101
"['instant', 'drug', 'post', 'atm', 'withdrawal']",VT372,수원시,권선구,"경기 수원시 권선구 동수원로177번길40, 800동 115호 (상가동 1364)",GS25수원에비뉴,127.03008434,37.24671488,100
"['drug', 'post']",V2F55,수원시,영통구,경기 수원시 영통구 영일로3 (영통1동 991-12),GS25수원영일점,127.07544724,37.24807797,101
"['cafe25', 'post', 'atm', 'withdrawal']",VEH75,수원시,영통구,"경기 수원시 영통구 영통로323번길45, 1층 (매탄동 510-9)",GS25수원영통로점,127.06040863,37.25459165,101
"['toto', 'cafe25', 'drug', 'post', 'atm', 'withdrawal', 'tax']",V7Y85,수원시,팔달구,경기 수원시 팔달구 효원로265번길20(인계동 1046-7),GS25수원영헌점,127.03129585,37.26301653,77
"['instant', 'drug', 'post', 'withdrawal']",V5Y69,수원시,장안구,"경기 수원시 장안구 장안로18번길1, 1층상가코너 (영화동 425-16)",GS25수원영화점,127.00645014,37.28686965,74
"['cafe25', 'instant', 'drug', 'post', 'withdrawal', 'delivery_service']",V3Y99,수원시,팔달구,경기 수원시 팔달구 효원로308번길58-9 (인계동 1134-4),GS25수원예술점,127.03381813,37.257964,77
"['cafe25', 'drug', 'post', 'withdrawal']",V8Y49,수원시,장안구,경기 수원시 장안구 경수대로1044번길9 (파장동 469-34),GS25수원용수점,126.9981026,37.30829012,74
"['cafe25', 'drug', 'post', 'atm', 'withdrawal', 'smart_atm']",V7R34,수원시,팔달구,"경기 수원시 팔달구 팔달문로161, 1층(우만1동 530-24)",GS25수원우만점,127.0336867,37.2832475,77
"['cafe25', 'drug', 'post', 'withdrawal']",V8K94,수원시,영통구,경기 수원시 영통구 매탄로100번길17(매탄3동 1263-4),GS25수원우영점,127.04416982,37.25952581,101
"['cafe25', 'drug', 'post', 'atm', 'withdrawal', 'smart_atm']",V8D49,수원시,장안구,"경기 수원시 장안구 송원로14번길52, 1층(송죽동 389-1)",GS25수원운동장점,127.00824305,37.29633707,74
"['cafe25', 'drug', 'post', 'withdrawal']",VDW97,수원시,장안구,경기 수원시 장안구 화산로231-10 (율전동 296-23),GS25수원율전중앙점,126.97112836,37.29932721,74
"['instant', 'drug', 'post']",VEA24,수원시,팔달구,"경기 수원시 팔달구 일월로22번길18, 102호(화서동 725-5, 리더스프라자)",GS25수원율현점,126.98101345,37.28562617,77
"['toto', 'cafe25', 'instant', 'drug', 'post', 'atm', 'withdrawal', 'smart_atm', 'delivery_service']",V2817,수원시,영통구,"경기 수원시 영통구 봉영로1605,  2층 218호(영통2동 959-1, 모던타운)",GS25수원은마점,127.07345221,37.25451422,101
"['toto', 'cafe25', 'instant', 'drug', 'post', 'atm', 'withdrawal', 'smart_atm', 'self_cook']",VI958,수원시,권선구,"경기 수원시 권선구 세권로304, 1층 (권선동 1286-2)",GS25수원은혜점,127.0370943,37.25210656,100
"['cafe25', 'instant', 'post', 'atm', 'withdrawal', 'smart_atm']",VM778,수원시,장안구,"경기 수원시 장안구 장안로422, 105,6호(이목동 241-6)",GS25수원이목점,126.98208582,37.31735345,74
"['cafe25', 'instant', 'drug', 'post', 'atm', 'withdrawal']",V2943,수원시,권선구,경기 수원시 권선구 일월천로15번길5-2(구운동 901-2),GS25수원일월점,126.97255826,37.28375992,100
"['cafe25', 'drug', 'post', 'withdrawal']",VDJ64,수원시,영통구,"경기 수원시 영통구 동수원로316, 1층 118호,119호,120호  (매탄3동 1162, 임광아파트상가)",GS25수원임광점,127.03852822,37.25724542,101
"['cafe25', 'drug', 'post', 'withdrawal']",V8F59,수원시,팔달구,"경기 수원시 팔달구 고등로15, 상가 26호, 27호 (고등동 156-117, 수원역푸르지오자이)",GS25수원자이동문점,127.00148761,37.27409555,77
"['cafe25', 'drug', 'post', 'atm', 'withdrawal', 'smart_atm']",V7Q47,수원시,팔달구,"경기 수원시 팔달구 경수대로443번길17, 1층 (인계동 996-9)",GS25수원장다리점,127.02498866,37.26602846,77
"['toto', 'drug', 'post', 'atm', 'withdrawal', 'smart_atm']",V2171,수원시,장안구,경기 수원시 장안구 경수대로1079(파장동 576),GS25수원장안점,126.99405278,37.30913882,74
"['instant', 'drug', 'post']",V5J36,수원시,장안구,"경기 수원시 장안구 대평로80, 정연메이저106,120호(정자3동 877-4)",GS25수원정연점,126.99358012,37.29551044,74
"['cafe25', 'instant', 'drug', 'post', 'withdrawal']",VDM65,수원시,장안구,경기 수원시 장안구 금당로61 (조원동 866-5),GS25수원조원원룸점,127.01738854,37.30167568,74
"['toto', 'cafe25', 'instant', 'drug', 'post', 'atm', 'withdrawal', 'smart_atm']",V2832,수원시,장안구,경기 수원시 장안구 조원로111번길47(조원1동 759-14),GS25수원조원점,127.01264465,37.30043776,74
"['cafe25', 'instant', 'drug', 'post', 'withdrawal']",V2R28,수원시,팔달구,경기 수원시 팔달구 고등로71번길1 (고등동 55-24),GS25수원종은점,127.00475398,37.27351032,77
"['instant', 'post', 'withdrawal']",VER32,수원시,팔달구,"경기 수원시 팔달구 경수대로657-7, 1층 (지동 477-13, 샤인파크)",GS25수원지동점,127.02786129,37.28374946,77
"['cafe25', 'drug', 'post', 'atm', 'withdrawal']",VDT77,수원시,권선구,경기 수원시 권선구 수원천로5 (세류동 454-7),GS25수원천로점,127.00854975,37.25576369,100
"['drug', 'post', 'withdrawal']",VN070,수원시,영통구,"경기 수원시 영통구 반달로35번길19, 110,111호 (영통1동 1010-9, 대원빌딩)",GS25수원토란점,127.0762827,37.25166184,101
"['cafe25', 'instant', 'drug', 'post', 'atm', 'withdrawal', 'smart_atm']",VQ805,수원시,팔달구,"경기 수원시 팔달구 덕영대로895번길41, 1층 (매산로1가 115-1)",GS25수원팅스점,127.000965,37.27012636,77
"['cafe25', 'withdrawal']",V6X27,수원시,장안구,"경기 수원시 장안구 파장로76번길11, 102호 (파장동 580-2)",GS25수원파장점,126.99259513,37.30678361,74
"['cafe25', 'post']",VEF89,수원시,장안구,"경기 수원시 장안구 대평로51번길56, 상가 1층 (정자동 882-5, 화서역파크뷰)",GS25수원파크뷰점,126.99050042,37.29217724,74
['drug'],VK949,수원시,팔달구,"경기 수원시 팔달구 향교로52,  105호(매산로2가 40-3, 대주파크빌)",GS25수원파크빌점,127.00643692,37.269001,77
"['cafe25', 'withdrawal']",VK832,수원시,권선구,경기 수원시 권선구 권선로699번길17(권선동 1017-7),GS25수원파크점,127.02789932,37.25974477,100
"['drug', 'post']",VEV88,수원시,팔달구,"경기 수원시 팔달구 정조로788, 1층 (팔달로2가 69-2)",GS25수원팔달문점,127.01698211,37.27829815,77
"['toto', 'cafe25', 'drug', 'post', 'withdrawal', 'self_cook']",VE247,수원시,영통구,"경기 수원시 영통구 삼성로274, 상가 150호(원천동 332-2, 팩토리월드제1층)",GS25수원팩토리점,127.06435313,37.26560721,101
"['cafe25', 'drug', 'post', 'withdrawal']",VDF94,수원시,장안구,경기 수원시 장안구 정자2동12-2번지,GS25수원팰리스점,127.00734909,37.29484278,74
"['cafe25', 'instant', 'post', 'withdrawal']",VDC79,수원시,권선구,"경기 수원시 권선구 평동로90, 1층 (평동 10-31)",GS25수원평동점,126.99428179,37.25888728,100
"['cafe25', 'drug', 'post', 'atm', 'withdrawal', 'smart_atm', 'delivery_service']",VP571,수원시,팔달구,"경기 수원시 팔달구 권선로741번길27, 103호 (인계동 1132, 다우프리존)",GS25수원프리점,127.03250732,37.25908867,77
"['cafe25', 'instant', 'drug', 'post', 'withdrawal']",VDF26,수원시,권선구,"경기 수원시 권선구 곡반정로188, 단지내상가 104호, 103호일부 (곡반정동)",GS25수원하늘채가점,127.03533277,37.24527095,100
"['cafe25', 'drug', 'post']",V8K39,수원시,권선구,"경기 수원시 권선구 곡반정로158, 상가 104호 (곡반정동 0, 수원하늘채더퍼스트2단지)",GS25수원하늘채나점,127.03473092,37.24120211,100
"['cafe25', 'instant', 'drug', 'post', 'atm', 'withdrawal', 'smart_atm', 'delivery_service']",VE715,수원시,영통구,"경기 수원시 영통구 산남로55, 1층 (매탄4동 200-25)",GS25수원한국점,127.04878598,37.26806929,101
"['cafe25', 'drug', 'post', 'atm', 'withdrawal', 'smart_atm']",V7C57,수원시,팔달구,"경기 수원시 팔달구 중부대로110,  103호(인계동 206, 한라씨그마팰리스)",GS25수원한라점,127.02869876,37.27737664,77
"['cafe25', 'instant', 'post', 'withdrawal']",V5C79,수원시,팔달구,"경기 수원시 팔달구 정조로834, 1층 일부 (북수동 363-1)",GS25수원행궁점,127.01666886,37.28244055,77
"['instant', 'drug', 'post', 'atm', 'withdrawal', 'smart_atm']",V9A34,수원시,팔달구,"경기 수원시 팔달구 화서문로48, 1층 (신풍동 42-1)",GS25수원행리단길점,127.01317111,37.28517777,77
"['cafe25', 'drug', 'withdrawal']",V2405,수원시,영통구,"경기 수원시 영통구 덕영대로1555번길13,  111호(영통2동 974-6, 세일빌딩)",GS25수원행복점,127.06076485,37.24678199,101
"['cafe25', 'instant', 'drug', 'post', 'atm', 'withdrawal']",VG149,수원시,권선구,"경기 수원시 권선구 노림로15, 1층 gs25 (호매실동 404-4)",GS25수원호매실점,126.954246,37.26733501,100
"['cafe25', 'drug', 'post', 'atm', 'withdrawal', 'smart_atm']",V5387,수원시,팔달구,"경기 수원시 팔달구 수성로157번길41-10, 1층(화서2동 677-5)",GS25수원화서점,126.98871954,37.28788189,77
"['cafe25', 'instant', 'drug', 'post', 'atm', 'withdrawal']",VW054,수원시,팔달구,"경기 수원시 팔달구 수원천로357, 1층 좌측(북수동 271)",GS25수원화홍점,127.0174437,37.28529441,77
"['cafe25', 'instant', 'drug', 'post', 'atm', 'withdrawal', 'smart_atm', 'delivery_service']",VM506,수원시,영통구,경기 수원시 영통구 봉영로1761(영통1동 945-7),GS25수원황골점,127.08160612,37.26628296,101
"['cafe25', 'instant', 'drug', 'post', 'atm', 'withdrawal', 'smart_atm']",V7M56,수원시,영통구,"경기 수원시 영통구 덕영대로1462-14, 601동 105호 ,106호 (망포동 728, 힐스테이트영통아파트)",GS25수원힐스점,127.04863574,37.24146782,101
"['cafe25', 'drug', 'post', 'withdrawal', 'self_cook']",VEM85,수원시,팔달구,경기 수원시 팔달구 화양로66-3 (화서2동 270-9),GS25숙지공원점,126.99610141,37.284016,77
"['instant', 'post']",VED99,수원시,영통구,"경기 수원시 영통구 권선로908번길72, 상가 104호 (신동 939)",GS25신동래미안점,127.04308828,37.2460998,101
"['cafe25', 'instant', 'post', 'withdrawal']",V6Q64,수원시,영통구,"경기 수원시 영통구 권선로882번길65-25, 1층 (신동 934-13)",GS25신동빌리지점,127.04312925,37.24731661,101
"['cafe25', 'drug', 'post', 'withdrawal', 'delivery_service']",VK548,수원시,영통구,경기 수원시 영통구 신원로136번길12(신동 334-18),GS25신동삼성점,127.05563434,37.24874161,101
"['cafe25', 'drug', 'post', 'atm', 'withdrawal']",VG365,수원시,권선구,"경기 수원시 권선구 세류로51, 1층(세류1동 230-42)",GS25신세류점,127.00760891,37.26389265,100
"['cafe25', 'drug', 'atm', 'withdrawal', 'smart_atm']",VS857,수원시,권선구,"경기 수원시 권선구 효원로220번길17, 1층 104호 (권선동 1011-9)",GS25씨즈더원점,127.02578226,37.26218734,100
,VEX54,수원시,영통구,"경기 수원시 영통구 광교중앙로49번길46, 아주대장례식장, 1층 (원천동)",GS25아주대장례식장점,127.04543529,37.28341491,101
"['drug', 'post', 'atm', 'withdrawal', 'smart_atm', 'delivery_service']",V3653,수원시,영통구,경기 수원시 영통구 아주로46(원천동 18-1),GS25아주대점,127.04419609,37.27885442,101
"['cafe25', 'drug', 'post', 'withdrawal']",VR692,수원시,영통구,"경기 수원시 영통구 월드컵로150번길20,  106호(원천동 576)",GS25아주프라자점,127.04985803,37.27786374,101
"['post', 'atm', 'withdrawal', 'smart_atm', 'self_cook']",V8Q28,수원시,영통구,"경기 수원시 영통구 대학4로17, 104호 (이의동 1248-3, 에이스광교타워)",GS25에이스광교점,127.04649412,37.30049004,101
"['toto', 'cafe25', 'instant', 'drug', 'post', 'atm', 'withdrawal', 'smart_atm']",VS027,수원시,장안구,"경기 수원시 장안구 창훈로8번길2, 1층 (연무동 245-49, 송원빌딩)",GS25연무스마일점,127.03104614,37.29305677,74
"['cafe25', 'drug', 'post', 'withdrawal']",V7J89,수원시,장안구,경기 수원시 장안구 창훈로52번길25 (연무동 56-24),GS25연무플라워점,127.03154479,37.29726892,74
"['cafe25', 'instant', 'drug', 'post', 'delivery_service']",VX225,수원시,영통구,"경기 수원시 영통구 봉영로1432-25, 101호 (망포동 707, 나상가동)",GS25영통뜨란채점,127.06530505,37.24240255,101
"['cafe25', 'drug', 'post', 'atm', 'withdrawal', 'smart_atm', 'self_cook', 'delivery_service']",VEV36,수원시,영통구,"경기 수원시 영통구 청명남로12, 1층 (영통1동 1008-1)",GS25영통럭키점,127.07429473,37.25106962,101
"['cafe25', 'drug', 'post', 'atm', 'withdrawal', 'smart_atm']",VDT63,수원시,영통구,"경기 수원시 영통구 영통로112번길24, 1층 (망포동 540-15)",GS25영통망포점,127.05678048,37.239082,101
"['cafe25', 'instant', 'drug', 'post', 'atm', 'withdrawal', 'smart_atm', 'delivery_service']",VY574,수원시,영통구,"경기 수원시 영통구 매봉로51, 1층 (매탄동 1194-4)",GS25영통매봉점,127.05311548,37.27257341,101
"['cafe25', 'instant', 'drug', 'post', 'atm', 'withdrawal', 'smart_atm', 'delivery_service']",VEB27,수원시,영통구,경기 수원시 영통구 매여울로40번길20-1 (매탄동 196-32),GS25영통매여울점,127.04637945,37.27204176,101
"['drug', 'post', 'withdrawal', 'delivery_service']",VEV35,수원시,영통구,"경기 수원시 영통구 매탄로55-1, 1층 전부 (매탄동 1169-3)",GS25영통매현,127.04067166,37.25623557,101
"['cafe25', 'instant', 'drug', 'post', 'atm', 'withdrawal', 'smart_atm', 'self_cook', 'delivery_service']",VQ315,수원시,영통구,경기 수원시 영통구 봉영로1492번길50 (영통동 986-7),GS25영통미리내점,127.06816702,37.2452185,101
"['cafe25', 'instant', 'drug', 'post', 'withdrawal']",VDX33,수원시,영통구,"경기 수원시 영통구 영일로26, 1층 (영통동 1014-15)",GS25영통반달공원점,127.07693884,37.24962147,101
"['cafe25', 'drug', 'post', 'atm', 'withdrawal', 'smart_atm', 'self_cook']",VW223,수원시,영통구,경기 수원시 영통구 영통로217번길21(영통2동 978-2),GS25영통방죽점,127.05578451,37.24664326,101
"['toto', 'cafe25', 'drug', 'post', 'withdrawal', 'self_cook']",VE259,수원시,영통구,"경기 수원시 영통구 청명남로50, 1층(영통1동 1038-1, 문원빌딩)",GS25영통번영점,127.07689911,37.25380225,101
"['cafe25', 'drug', 'post']",VEP82,수원시,영통구,"경기 수원시 영통구 광교호수공원로45, 상가 106호 (원천동 606)",GS25영통베르디움점,127.05677526,37.27295405,101
"['cafe25', 'instant', 'drug', 'post', 'delivery_service']",VN131,수원시,영통구,"경기 수원시 영통구 봉영로1744번길11,  110호(영통1동 1053-2, 벽산풍림아파트)",GS25영통벽산점,127.08401305,37.26583304,101
"['drug', 'post', 'withdrawal']",VO486,수원시,영통구,경기 수원시 영통구 동수원로514번길43-24 (매탄동 130-27),GS25영통산남점,127.04904397,37.27265792,101
"['cafe25', 'instant', 'drug', 'post', 'atm', 'withdrawal', 'smart_atm', 'delivery_service']",VW183,수원시,영통구,"경기 수원시 영통구 반달로35번길30, 105호/106호 (영통동 1012-1)",GS25영통아이파크점,127.07746432,37.25182424,101
"['cafe25', 'drug', 'post', 'withdrawal']",VT687,수원시,영통구,"경기 수원시 영통구 매영로345번길7, 102호 (영통동 961-6, 영통트리플렉스)",GS25영통역점,127.07089201,37.25278208,101
"['drug', 'post']",V7Q42,수원시,영통구,"경기 수원시 영통구 권광로260번길36, 제상가1동 제 102호  (매탄동 176, 현대힐스테이트아파트)",GS25영통으뜸점,127.0399992,37.27102603,101
"['cafe25', 'drug', 'post']",VN410,수원시,영통구,"경기 수원시 영통구 봉영로1517번길27, 102호 (영통2동 970-3, 벽적골9단지 제나상가동)",GS25영통제일점,127.0656448,37.24774872,101
"['cafe25', 'post']",V6Y92,수원시,영통구,경기 수원시 영통구 청명북로96-1 (영통동 1050-9),GS25영통청명점,127.0799928,37.25988168,101
"['cafe25', 'drug', 'post', 'withdrawal', 'smart_atm']",VW018,수원시,영통구,"경기 수원시 영통구 청명남로25, 104호 (영통동 998-7)",GS25영통클래시아점,127.07472949,37.25238861,101
"['cafe25', 'instant', 'drug', 'post', 'atm', 'withdrawal', 'delivery_service']",V2T57,수원시,영통구,"경기 수원시 영통구 덕영대로1400, 영통아이파크캐슬 2단지 상가동 3호 4호 (망포동 121-5)",GS25영통파크캐슬점,127.04325929,37.24327175,101
"['cafe25', 'drug', 'post', 'atm', 'withdrawal', 'smart_atm', 'self_cook']",VE236,수원시,영통구,"경기 수원시 영통구 영통로525번길19, 1층(영통1동 950-1)",GS25영통프리미엄점,127.07629284,37.26560185,101
"['cafe25', 'instant', 'drug', 'post']",V6X85,수원시,영통구,"경기 수원시 영통구 신원로255-1, 1층 (매탄동 407-49)",GS25영통하우스점,127.06008172,37.25822046,101
"['toto', 'cafe25', 'instant', 'drug', 'post', 'atm', 'withdrawal', 'smart_atm', 'self_cook']",V3F25,수원시,영통구,"경기 수원시 영통구 영일로6번길43, 1층(영통1동 1021-7, 이레빌딩)",GS25영통학사점,127.07818319,37.24833359,101
"['cafe25', 'drug', 'post', 'withdrawal']",V7X88,수원시,영통구,"경기 수원시 영통구 동탄원천로915번길36, 상가 1층 106호, 106-1호 (매탄동 1277)",GS25영통한아름점,127.04477885,37.25682745,101
"['toto', 'cafe25', 'instant', 'drug', 'post', 'atm', 'withdrawal', 'smart_atm', 'delivery_service']",VX570,수원시,영통구,경기 수원시 영통구 청명로21번길15(영통1동 1013-16),GS25영통해광점,127.07906621,37.24987232,101
"['cafe25', 'drug', 'post']",VEC27,수원시,영통구,"경기 수원시 영통구 덕영대로1462-14, 602동 105호 (망포동 728, 힐스테이트영통)",GS25영통힐스점,127.05067727,37.24404332,101
"['cafe25', 'instant', 'drug', 'post', 'atm', 'withdrawal']",V8C72,수원시,장안구,경기 수원시 장안구 영화로13번길1 (영화동 437-7),GS25영화골든점,127.00991623,37.28829538,74
"['cafe25', 'instant', 'drug', 'post', 'withdrawal', 'smart_atm']",VX475,수원시,장안구,경기 수원시 장안구 수성로290번길31 (영화동 405-1),GS25영화중앙점,127.00511647,37.28966082,74
"['cafe25', 'drug', 'post']",VEA89,수원시,장안구,경기 수원시 장안구 수성로328번길38 (영화동 410-11),GS25영화파크점,127.00900593,37.29063058,74
"['cafe25', 'post']",V8N39,수원시,권선구,경기 수원시 권선구 서수원로183번길32 (오목천동 527-36),GS25오목천영신점,126.96749206,37.24350039,100
"['cafe25', 'instant', 'drug', 'post', 'atm', 'withdrawal']",V7G36,수원시,권선구,"경기 수원시 권선구 서수원로99, 상가동 208,209 (오목천동 1180, 수원권선꿈에그린아파트)",GS25오목천한화점,126.97331388,37.23641438,100
"['cafe25', 'instant', 'drug', 'post', 'withdrawal']",V6P32,수원시,권선구,경기 수원시 권선구 온정로9번길33 (오목천동 327-6),GS25오목천힐스점,126.96368245,37.24679212,100
"['cafe25', 'drug', 'post', 'atm', 'withdrawal', 'smart_atm']",VK496,수원시,팔달구,경기 수원시 팔달구 창룡대로150번길38(우만1동 587-21),GS25우만1동점,127.0274802,37.28970252,77
"['cafe25', 'instant', 'drug', 'post', 'atm', 'withdrawal', 'smart_atm']",V2Q76,수원시,팔달구,"경기 수원시 팔달구 중부대로223번길71-7, 1층 및 지하 1층 (우만동 47-4)",GS25우만빌리지점,127.04079618,37.27930449,77
"['cafe25', 'instant', 'drug', 'post', 'withdrawal']",V3S55,수원시,팔달구,경기 수원시 팔달구 경수대로692번길40 (우만동 485-3),GS25우만센트럴점,127.02890238,37.28785795,77
"['cafe25', 'instant', 'drug', 'post', 'atm', 'withdrawal', 'smart_atm']",V8B77,수원시,팔달구,"경기 수원시 팔달구 경수대로656번길63, 1층 (우만동 503-17)",GS25우만싱싱점,127.03151323,37.28565366,77
"['instant', 'drug', 'post', 'atm', 'withdrawal', 'smart_atm', 'delivery_service']",VT543,수원시,팔달구,"경기 수원시 팔달구 아주로39번길22, 1층 (우만동 57-2)",GS25우만아주로점,127.042453,37.27847989,77
"['cafe25', 'drug', 'post', 'atm', 'withdrawal', 'smart_atm']",VF404,수원시,팔달구,"경기 수원시 팔달구 권광로340번길79,  G동 101호(우만2동 89-26, 골든파크)",GS25우만파크점,127.04234749,37.2761272,77
"['cafe25', 'drug', 'post', 'withdrawal']",V2F73,수원시,영통구,경기 수원시 영통구 삼성로267번길28 (원천동 253-5),GS25원천베스트점,127.06241098,37.26675426,101
"['cafe25', 'drug', 'post', 'atm', 'withdrawal', 'smart_atm']",VM672,수원시,영통구,경기 수원시 영통구 중부대로448번길29(원천동 224-3),GS25원천삼성점,127.06296952,37.26808329,101
"['drug', 'post', 'withdrawal', 'delivery_service']",VG231,수원시,영통구,경기 수원시 영통구 월드컵로193번길74(원천동 28-1),GS25원천아주점,127.04468388,37.27594783,101
"['cafe25', 'drug', 'post', 'atm', 'withdrawal']",V7B99,수원시,영통구,경기 수원시 영통구 신원로294번길40-6 (원천동 353-18),GS25원천원룸점,127.06217208,37.26056186,101
"['drug', 'post', 'withdrawal']",VO444,수원시,영통구,경기 수원시 영통구 삼성로277번길12-25 (원천동 325-1),GS25원천제일점,127.06523629,37.26712803,101
"['cafe25', 'instant', 'drug', 'post', 'withdrawal']",VY863,수원시,영통구,경기 수원시 영통구 매영로199번길35 (원천동 337-14),GS25원천타운점,127.064549,37.26435624,101
"['cafe25', 'instant', 'drug', 'post', 'atm', 'withdrawal', 'smart_atm']",V5B69,수원시,팔달구,"경기 수원시 팔달구 향교로1번길8, 111호 (매산로1가 16-12, 위더뷰오피스텔)",GS25위더뷰중앙점,127.00136465,37.26803921,77
"['cafe25', 'instant', 'drug', 'post', 'withdrawal']",VS391,수원시,장안구,"경기 수원시 장안구 천천동삼성래미안아파트 상가동 105,106호",GS25율전래미안점,126.97628455,37.29755174,74
"['cafe25', 'instant', 'drug', 'post', 'atm', 'withdrawal', 'smart_atm']",VP208,수원시,장안구,"경기 수원시 장안구 덕영대로417번길80, 1층 (율전동 142-9, 서희건설)",GS25율전상률점,126.9683792,37.30406098,74
"['drug', 'post', 'atm', 'withdrawal', 'smart_atm']",V8W78,수원시,장안구,경기 수원시 장안구 서부로2105번길29(율전동 408-16),GS25율전성대점,126.96853502,37.29678161,74
"['cafe25', 'drug', 'post', 'withdrawal']",VDV93,수원시,장안구,"경기 수원시 장안구 화산로263, 단지상가 102호,103호,107호 (율전동 319)",GS25율전신일점,126.96698426,37.29966055,74
"['cafe25', 'drug', 'post', 'atm', 'withdrawal', 'smart_atm']",VO347,수원시,장안구,"경기 수원시 장안구 덕영대로439번길13-4, 1층 (율전동 228)",GS25율전제일점,126.97107549,37.30155242,74
"['cafe25', 'instant', 'drug', 'post', 'withdrawal']",VET49,수원시,장안구,경기 수원시 장안구 율전로101번길52 (율전동 359),GS25율전탑점,126.96608109,37.29889576,74
"['cafe25', 'instant', 'drug', 'post', 'atm', 'withdrawal', 'smart_atm']",V2K89,수원시,팔달구,경기 수원시 팔달구 인계동939-11번지,GS25인계골드점,127.03128743,37.27687522,77
"['cafe25', 'drug', 'post', 'withdrawal']",VL881,수원시,팔달구,경기 수원시 팔달구 장다리로306번길37(인계동 313-7),GS25인계공원점,127.03051723,37.27362499,77
"['cafe25', 'post', 'atm', 'withdrawal', 'smart_atm']",V8C55,수원시,팔달구,경기 수원시 팔달구 인계로126 (인계동 1036),GS25인계드라마점,127.03128681,37.26724257,77
"['instant', 'drug', 'post', 'atm', 'withdrawal']",VX206,수원시,팔달구,"경기 수원시 팔달구 인계로140, 105호,106호 (인계동 1037)",GS25인계리슈빌점,127.03281484,37.26677749,77
"['cafe25', 'drug', 'post', 'atm', 'withdrawal', 'smart_atm', 'delivery_service']",VF119,수원시,팔달구,경기 수원시 팔달구 경수대로479번길19(인계동 967),GS25인계복개천점,127.02610966,37.26915546,77
"['cafe25', 'instant', 'drug', 'post', 'withdrawal']",V4W59,수원시,팔달구,"경기 수원시 팔달구 권광로196번길21, 1층 (인계동 1115-19)",GS25인계브라운도트점,127.03453093,37.26482712,77
"['cafe25', 'instant', 'drug', 'post', 'atm', 'withdrawal', 'smart_atm', 'delivery_service']",V4J24,수원시,팔달구,"경기 수원시 팔달구 권광로180번길24, 1층 (인계동 1123-24)",GS25인계센트럴점,127.03387561,37.26317277,77
"['cafe25', 'drug', 'post', 'withdrawal']",V6M72,수원시,팔달구,"경기 수원시 팔달구 권광로196번길57, 104호 (인계동 1116-5)",GS25인계아르누보점,127.0364638,37.26443737,77
"['cafe25', 'drug', 'post', 'withdrawal', 'delivery_service']",VW998,수원시,팔달구,"경기 수원시 팔달구 경수대로466번길33, 105호 (인계동 1019-6)",GS25인계엘리시아점,127.0290527,37.26737745,77
"['cafe25', 'instant', 'drug', 'post', 'atm', 'withdrawal', 'smart_atm', 'self_cook', 'delivery_service']",V6R38,수원시,팔달구,"경기 수원시 팔달구 효원로303, 105호 (인계동 1122-10, 삼호파크타워)",GS25인계예술점,127.03512803,37.26132674,77
"['post', 'withdrawal']",VO170,수원시,팔달구,"경기 수원시 팔달구 세지로174번길8-4, 1층 (인계동 1003-24)",GS25인계제일점,127.02224017,37.26670864,77
"['cafe25', 'drug', 'post', 'atm', 'withdrawal', 'smart_atm']",V5340,수원시,팔달구,경기 수원시 팔달구 세지로198번길32(인계동 983-13),GS25인계중앙점,127.02462187,37.26824212,77
"['cafe25', 'instant', 'drug', 'post', 'atm', 'withdrawal', 'smart_atm', 'self_cook', 'delivery_service']",VP927,수원시,팔달구,"경기 수원시 팔달구 효원로249번길47, 101동 105호 (인계동 1031-6)",GS25인계타운점,127.02976379,37.26468001,77
"['cafe25', 'post', 'withdrawal']",V6U78,수원시,팔달구,"경기 수원시 팔달구 세지로211 (인계동 865-10, 인계파밀리에)",GS25인계파밀리에점,127.02265335,37.27050564,77
"['cafe25', 'drug', 'post', 'withdrawal']",VDK64,수원시,팔달구,경기 수원시 팔달구 효원로265번길41 (인계동 1043-9),GS25인계프리미엄점,127.03126142,37.26394437,77
"['cafe25', 'instant', 'drug', 'post', 'withdrawal', 'self_cook']",VK357,수원시,장안구,경기 수원시 장안구 팔달로279번길16(영화동 164-42),GS25장안거북점,127.01479228,37.29057977,74
"['cafe25', 'instant', 'drug', 'post', 'atm', 'withdrawal', 'smart_atm']",V6M98,수원시,장안구,"경기 수원시 장안구 경수대로1078번길34, 1층 (파장동 279-2)",GS25장안그린점,126.99572483,37.31064882,74
"['cafe25', 'instant', 'drug', 'post', 'withdrawal', 'delivery_service']",V2P29,수원시,장안구,"경기 수원시 장안구 대평로142번길21, 1층 (정자동 327-13)",GS25장안대평로점,126.99128661,37.30087038,74
['drug'],VEU56,수원시,장안구,경기 수원시 장안구 정조로921번길5 (영화동 326-6),GS25장안문점,127.01293149,37.28970823,74
"['cafe25', 'instant', 'drug', 'post', 'withdrawal']",V4K23,수원시,장안구,경기 수원시 장안구 수성로262번길65 (영화동 422-8),GS25장안수성로점,127.00410062,37.28801231,74
"['cafe25', 'instant', 'drug', 'post', 'atm', 'withdrawal', 'smart_atm']",V4A49,수원시,장안구,"경기 수원시 장안구 영화로71번길24, 1층 상가동  (정자동 69-45, 수원정자금강에스쁘아아파트)",GS25장안수성점,127.00522344,37.29267135,74
"['cafe25', 'drug', 'post']",VEN88,수원시,장안구,경기 수원시 장안구 수성로402번길40-4 (영화동 100-7),GS25장안신흥점,127.01684357,37.29328206,74
"['cafe25', 'instant', 'drug', 'post', 'atm', 'withdrawal']",V2X34,수원시,장안구,"경기 수원시 장안구 정조로957번길21, 1층 (영화동 347-2, 대성빌딩)",GS25장안영화점,127.01026134,37.29208282,74
"['cafe25', 'instant', 'drug', 'post', 'atm', 'withdrawal', 'smart_atm']",V4G58,수원시,장안구,경기 수원시 장안구 조원로77 (조원동 742-4),GS25장안조원점,127.01654074,37.30008273,74
"['cafe25', 'instant', 'drug', 'post', 'withdrawal']",VQ600,수원시,장안구,"경기 수원시 장안구 덕영대로511번길27, 1층 (천천동 506-8)",GS25장안천천점,126.98000847,37.2990887,74
"['cafe25', 'drug', 'post', 'atm', 'withdrawal', 'smart_atm']",V2R22,수원시,장안구,"경기 수원시 장안구 장안로395, 상가동 105호 106호 (이목동 918)",GS25장안칸점,126.98285804,37.31446763,74
"['drug', 'post']",V8F93,수원시,장안구,"경기 수원시 장안구 정자천로189번길47, 상가동 106호 (정자동 872-1, 연꽃마을풍림아파트)",GS25장안풍림점,126.9934666,37.2981046,74
"['cafe25', 'post', 'withdrawal']",V4Y59,수원시,장안구,"경기 수원시 장안구 경수대로965, 101호 (송죽동 495-13, 명성빌딩)",GS25장안한국점,127.00496386,37.30381556,74
"['cafe25', 'instant', 'drug', 'post', 'atm', 'withdrawal', 'smart_atm']",VT749,수원시,장안구,경기 수원시 장안구 창훈로66번길16-3 (연무동 11-36),GS25장안한길점,127.029073,37.29827591,74
"['cafe25', 'drug', 'post', 'atm', 'withdrawal', 'smart_atm']",VQ487,수원시,장안구,경기 수원시 장안구 수성로275번길108 (정자동 31-11),GS25정자권호점,126.99941116,37.29466781,74
"['drug', 'post', 'atm', 'withdrawal', 'smart_atm']",V4Y34,수원시,장안구,"경기 수원시 장안구 정자천로188번길49, 1층 코너(정자2동 29-3)",GS25정자벽산점,126.99764299,37.29447263,74
"['cafe25', 'drug', 'post', 'atm', 'withdrawal', 'smart_atm', 'self_cook']",VER29,수원시,장안구,"경기 수원시 장안구 장안로92, 1층 (정자동 48-8)",GS25정자스카이점,127.0021703,37.29242037,74
"['cafe25', 'drug', 'post']",V8J47,수원시,장안구,경기 수원시 장안구 만석로20번길28 (정자동 919),GS25정자한라점,126.98365308,37.29395685,74
"['cafe25', 'drug', 'post', 'withdrawal']",V7W57,수원시,장안구,경기 수원시 장안구 금당로39번길33 (조원동 855-1),GS25조원뉴타운점,127.01543007,37.30394815,74
"['cafe25', 'drug', 'post', 'atm']",V8Z65,수원시,팔달구,"경기 수원시 팔달구 창룡대로74, 상가 103호, 104호 (남수동 11-75)",GS25창룡대로점,127.02289159,37.28522237,77
"['cafe25', 'drug', 'post', 'atm', 'withdrawal', 'smart_atm', 'self_cook']",VM167,수원시,장안구,경기 수원시 장안구 일월로76번길10-3 (천천동 385-32),GS25천천원룸점,126.97761059,37.28957961,74
"['cafe25', 'post', 'withdrawal']",V4Z33,수원시,장안구,경기 수원시 장안구 화산로125번길26 (천천동 339-17),GS25천천타운점,126.97904963,37.29408844,74
"['cafe25', 'drug', 'post']",VEA86,수원시,장안구,경기 수원시 장안구 정자로22 (천천동 502-1),GS25천천한누리점,126.97936338,37.30008333,74
"['cafe25', 'drug', 'post', 'withdrawal']",VDG36,수원시,권선구,경기 수원시 권선구 서둔로239번길23 (탑동 25-43),GS25탑동늘푸른점,126.97771592,37.27262212,100
"['cafe25', 'instant', 'drug', 'post', 'withdrawal']",VDR86,수원시,권선구,경기 수원시 권선구 서둔로253(탑동 22-1),GS25탑동새롬점,126.97860879,37.27413464,100
"['cafe25', 'drug', 'post', 'atm', 'withdrawal', 'smart_atm']",V4G88,수원시,권선구,"경기 수원시 권선구 탑동로39번길1, 1층 (탑동 783-15)",GS25탑동중앙점,126.97416874,37.27228507,100
"['cafe25', 'instant', 'drug', 'post', 'atm', 'withdrawal', 'smart_atm']",V2S35,수원시,권선구,"경기 수원시 권선구 하탑로54, 101호 (탑동 885-3, 죽전빌딩)",GS25탑동하탑로점,126.97765069,37.26910733,100
"['cafe25', 'instant', 'drug', 'post', 'atm', 'withdrawal']",V8H78,수원시,장안구,경기 수원시 장안구 파장로34번길3 (파장동 599-15),GS25파장센터점,126.9969485,37.30515359,74
"['cafe25', 'instant', 'drug']",VI040,수원시,팔달구,경기 수원시 팔달구 매산로136 (교동 130-4),GS25팔달교동점,127.01537288,37.27198617,77
"['drug', 'post']",VP572,수원시,팔달구,경기 수원시 팔달구 팔달로128-1 (화서동 71-4),GS25팔달대우점,127.00460317,37.27982567,77
"['post', 'atm', 'withdrawal']",V7T74,수원시,팔달구,"경기 수원시 팔달구 창룡대로71-16, 1층 (매향동 124-5)",GS25팔달매향점,127.02165934,37.28545548,77
"['cafe25', 'drug', 'post', 'withdrawal']",V8H26,수원시,팔달구,경기 수원시 팔달구 중부대로119(지동 73-5),GS25팔달유진점,127.0293623,37.2783913,77
"['cafe25', 'drug']",VED23,수원시,팔달구,경기 수원시 팔달구 신풍로23번길4 (신풍동 185),GS25행궁신풍로점,127.01444731,37.28330513,77
"['instant', 'post', 'withdrawal']",V8G88,수원시,권선구,"경기 수원시 권선구 호매실로90번길11, 107호,108호,109호 (호매실동 1406-6, 호매실상현재오피스텔)",GS25호매실상현재점,126.96334228,37.25598925,100
"['cafe25', 'instant', 'post']",VDG83,수원시,권선구,"경기 수원시 권선구 칠보로102, 2상가 109호 (호매실동 1361, 한양수자인파크원)",GS25호매실수자인점,126.9511836,37.26458664,100
"['cafe25', 'post', 'withdrawal']",VDM33,수원시,권선구,"경기 수원시 권선구 호매실로90번길76, 114호 (호매실동 1397-2, 아진스퀘어)",GS25호매실스퀘어점,126.96431923,37.2587371,100
"['cafe25', 'post', 'withdrawal']",V8H54,수원시,권선구,"경기 수원시 권선구 금곡로219, 115호 (금곡동 1114-1, 리더스빌딩)",GS25호매실시네마점,126.9540837,37.27499279,100
"['cafe25', 'instant', 'drug', 'post', 'atm', 'withdrawal', 'smart_atm']",V3T65,수원시,권선구,"경기 수원시 권선구 호매실로218번길126, 1층 (호매실동 1375, 현대프라자)",GS25호매실중앙점,126.96088135,37.26608686,100
"['cafe25', 'instant', 'drug', 'post', 'withdrawal']",VY179,수원시,권선구,"경기 수원시 권선구 금곡로102번길126, 상가동 101,102호 (호매실동 1340, 수원호매실휴먼시아7단지아파트)",GS25호매실타운점,126.94191335,37.26882034,100
"['cafe25', 'instant', 'drug', 'post', 'atm', 'withdrawal', 'smart_atm']",V5U48,수원시,권선구,"경기 수원시 권선구 호매실로104번길90, 106호,107호 (호매실동 1400)",GS25호매실타워점,126.96268432,37.25957882,100
"['cafe25', 'drug', 'post', 'withdrawal']",V4W53,수원시,영통구,"경기 수원시 영통구 월드컵로87번길7, 103호 (원천동 607-1, 호반프라자)",GS25호반프라자점,127.05458871,37.27378364,101
"['cafe25', 'drug', 'post', 'withdrawal']",VDF99,수원시,팔달구,경기 수원시 팔달구 화양로68번길62 (화서동 211-7),GS25화서골드점,126.99710162,37.28172672,77
['post'],V8W57,수원시,팔달구,경기 수원시 팔달구 덕영대로697번길16 (화서동 649),GS25화서메트로점,126.99116604,37.28455975,77
"['cafe25', 'post', 'withdrawal']",V6Z39,수원시,팔달구,"경기 수원시 팔달구 팔달로165번길39, B01호 (화서동 11-41)",GS25화서스타점,127.00351465,37.28370019,77
"['cafe25', 'drug', 'post']",V7U53,수원시,장안구,"경기 수원시 장안구 대평로27, 103호 (정자동 111-20, 화서역파크푸르지오)",GS25화서역파크점,126.99505106,37.29091841,74
"['cafe25', 'instant', 'drug', 'post', 'withdrawal']",V5D37,수원시,팔달구,"경기 수원시 팔달구 덕영대로757번길23, 101, 102, 103호 (화서동 220-3)",GS25화서영광점,126.99404331,37.28020496,77
"['cafe25', 'instant', 'drug', 'post', 'atm', 'withdrawal', 'smart_atm']",VM883,수원시,팔달구,경기 수원시 팔달구 동말로48(화서1동 175-1),GS25화서오거리점,126.99928584,37.27858239,77
"['cafe25', 'drug', 'post']",VDV73,수원시,팔달구,"경기 수원시 팔달구 덕영대로697번길47, 화서3단지주공아파트 부속상가 (화서동 646)",GS25화서주공점,126.99224179,37.28592054,77
"['cafe25', 'instant', 'drug', 'post']",VDZ55,수원시,팔달구,경기 수원시 팔달구 팔달로127번길51 (화서동 105-1),GS25화서초교점,127.00132954,37.28008644,77
"['cafe25', 'instant', 'drug', 'post']",V7V27,수원시,장안구,"경기 수원시 장안구 대평로27, 114호 (정자동 111-20, 상업시설)",GS25화서푸르지오점,126.99469367,37.28980704,74
"['toto', 'cafe25', 'instant', 'drug', 'post', 'withdrawal', 'delivery_service']",V3B93,수원시,영통구,경기 수원시 영통구 영통로513(영통1동 954-1),GS25황골주공점,127.07743315,37.26454745,101
"['cafe25', 'drug', 'post', 'withdrawal']",VM890,수원시,권선구,경기 수원시 권선구 곡반정로19번길69(곡반정동 592-7),GS25힐하우스점,127.02601446,37.23451671,100
